fault,param,level,lap_var,entropy,brightness,health,consistency,gt_hit,gt_conf
baseline,none,0.0,2246.281,6.879,66.159,0.724,1.0,0.093,0.044
gauss_blur,sigma,1.0,145.029,6.843,66.188,0.477,0.759,0.08,0.044
gauss_blur,sigma,2.0,9.847,6.758,66.193,0.229,0.642,0.067,0.035
gauss_blur,sigma,4.0,2.113,6.675,66.196,0.114,0.485,0.053,0.023
gauss_blur,sigma,8.0,1.594,6.578,66.198,0.095,0.391,0.0,0.0
motion_blur,kernel_px,9.0,329.22,6.822,66.19,0.561,0.566,0.067,0.033
motion_blur,kernel_px,21.0,147.733,6.737,66.195,0.473,0.462,0.04,0.013
motion_blur,kernel_px,41.0,80.835,6.663,66.198,0.404,0.407,0.0,0.0
noise,sigma,10.0,3074.609,7.057,65.957,0.771,0.677,0.067,0.032
noise,sigma,25.0,6974.197,7.172,67.148,0.78,0.542,0.067,0.031
noise,sigma,50.0,18242.443,7.33,71.101,0.779,0.516,0.0,0.0
dark,gamma,2.0,1818.403,5.571,27.89,0.403,0.597,0.027,0.012
dark,gamma,3.0,1577.516,4.129,15.564,0.196,0.442,0.013,0.002
dark,gamma,4.5,1392.29,2.521,8.742,0.078,0.428,0.0,0.0
overexpose,gamma,0.5,2320.213,7.175,118.099,0.462,0.673,0.12,0.058
overexpose,gamma,0.3,2201.771,6.99,155.667,0.204,0.603,0.147,0.069
overexpose,gamma,0.15,2257.949,6.44,195.003,0.011,0.543,0.147,0.068
jpeg,quality,30.0,2182.804,6.895,66.258,0.719,0.756,0.093,0.043
jpeg,quality,10.0,1786.96,6.467,66.349,0.679,0.331,0.107,0.034
jpeg,quality,3.0,1387.522,4.13,65.979,0.393,0.369,0.0,0.0
